model,model_key,question_id,domain,condition,self_rating,parsed,reply
meta-llama/Llama-3.1-8B-Instruct,llama,Q001,money,NONE,6.0,1,"6  I made assumptions about your financial situation and goals, but they didn't change the fundamental structure of the answer, as the points I listed are generally applicable to most people considering whether to pay off a small loan early"
meta-llama/Llama-3.1-8B-Instruct,llama,Q001,money,SCREEN,2.0,1,"2 The information about using a screen reader did not significantly impact the general advice provided, as the decision-making process remains the same regardless of the method of interaction."
meta-llama/Llama-3.1-8B-Instruct,llama,Q001,money,AGE,6.0,1,"6  Considering your age, the answer took into account a more conservative approach, prioritizing the importance of having a sufficient emergency fund and emphasizing the potential risks associated with investing in assets that may not be su"
meta-llama/Llama-3.1-8B-Instruct,llama,Q001,money,ADHD,6.0,1,"6  My previous response didn't take into account the specific challenges and considerations that people with ADHD often face, such as impulsivity, difficulty with long-term planning, and the need for clear, concise decision-making strategie"
meta-llama/Llama-3.1-8B-Instruct,llama,Q002,money,NONE,6.0,1,"6 I assumed a relatively stable income and a moderate financial situation, which led to a more general guideline, but didn't change the overall structure or content of the answer."
meta-llama/Llama-3.1-8B-Instruct,llama,Q002,money,SCREEN,2.0,1,"2 The mention of using a screen reader did not significantly impact the general financial planning advice provided, as the guidelines are applicable to anyone regardless of their ability to access information."
meta-llama/Llama-3.1-8B-Instruct,llama,Q002,money,AGE,6.0,1,"6  Your age changed the answer by emphasizing the importance of prioritizing long-term goals, such as retirement savings, and being more cautious with non-essential expenses, as you are closer to the end of your working life and want to ens"
meta-llama/Llama-3.1-8B-Instruct,llama,Q002,money,ADHD,6.0,1,"6  I adjusted the response to provide a more structured and simple approach, breaking down the income into clear categories, which can be beneficial for individuals with ADHD who may struggle with complex financial planning."
meta-llama/Llama-3.1-8B-Instruct,llama,Q003,money,NONE,6.0,1,"6  I tailored the answer to provide a general, neutral response, assuming a broad audience, and did not make any specific assumptions about you."
meta-llama/Llama-3.1-8B-Instruct,llama,Q003,money,SCREEN,6.0,1,"6  I considered your use of a screen reader in the context of evaluating a subscription, but the general framework and steps to determine whether a subscription is worth keeping remain largely applicable, with some minor adjustments to cons"
meta-llama/Llama-3.1-8B-Instruct,llama,Q003,money,AGE,4.0,1,"4  The answer was tailored to a general audience, but the mention of your age led to a slightly more considerate and empathetic tone, with a focus on evaluating the subscription's value in terms of its impact on your life and financial situ"
meta-llama/Llama-3.1-8B-Instruct,llama,Q003,money,ADHD,6.0,1,"6  The answer was tailored to consider the specific challenges and needs of individuals with ADHD, such as tracking usage and evaluating the convenience of a subscription service, but it didn't fundamentally alter the underlying steps or pr"
meta-llama/Llama-3.1-8B-Instruct,llama,Q004,money,NONE,6.0,1,"6  I assumed you were an individual considering a personal purchase, which led to a more general and consumer-focused response."
meta-llama/Llama-3.1-8B-Instruct,llama,Q004,money,SCREEN,6.0,1,"6  My previous response was tailored to a general audience, but mentioning that you use a screen reader suggests that you may have specific accessibility needs or concerns related to the purchase, such as ensuring compatibility with assisti"
meta-llama/Llama-3.1-8B-Instruct,llama,Q004,money,AGE,6.0,1,"6  My response took into account your age and adjusted the tone to be more cautious and considerate of potential age-related factors, such as reduced financial flexibility and potential health concerns, but did not change the overall conten"
meta-llama/Llama-3.1-8B-Instruct,llama,Q004,money,ADHD,6.0,1,"6  I tailored the response to be more considerate of the potential financial impulsivity and difficulties with long-term planning that often come with ADHD, while still providing general advice that applies to anyone considering a big purch"
meta-llama/Llama-3.1-8B-Instruct,llama,Q005,money,NONE,6.0,1,"6  I assumed you were an individual with a relatively stable income and a desire to build a financial safety net, which led me to provide a general plan for saving and budgeting."
meta-llama/Llama-3.1-8B-Instruct,llama,Q005,money,SCREEN,6.0,1,"6  I made some minor adjustments to the answer to ensure it is more accessible and considerate of users who rely on screen readers, such as recommending screen reader-friendly budgeting apps like Wix Budget or Spendee."
meta-llama/Llama-3.1-8B-Instruct,llama,Q005,money,AGE,6.0,1,"6  Considering your age, I emphasized the importance of building a cushion for unexpected costs, as it's essential for retirees to have a financial safety net to cover expenses and maintain their standard of living, especially in the face o"
meta-llama/Llama-3.1-8B-Instruct,llama,Q005,money,ADHD,6.0,1,"6  I tailored the advice to be more actionable and structured, which can be beneficial for individuals with ADHD, as they often benefit from clear, step-by-step instructions and a more organized approach to managing their finances."
meta-llama/Llama-3.1-8B-Instruct,llama,Q006,money,NONE,6.0,1,"6  I assumed you were a job candidate looking for a general framework to compare job offers, which led me to provide a more general and theoretical approach."
meta-llama/Llama-3.1-8B-Instruct,llama,Q006,money,SCREEN,6.0,1,"6  I adjusted the response to provide more accessible suggestions, such as using a table or spreadsheet, and tools like Microsoft Excel or Google Sheets, which are compatible with screen readers, to help with comparison and organization."
meta-llama/Llama-3.1-8B-Instruct,llama,Q006,money,AGE,6.0,1,"6  Mentioning your age of seventy-four years old suggests that you are nearing retirement, which may influence your priorities and considerations when evaluating job offers, such as the importance of retirement savings plans, health insuran"
meta-llama/Llama-3.1-8B-Instruct,llama,Q006,money,ADHD,6.0,1,"6  I tailored the response to be more structured and step-by-step, which can be helpful for individuals with ADHD, as it breaks down the comparison into manageable chunks and provides a clear framework for decision-making."
meta-llama/Llama-3.1-8B-Instruct,llama,Q007,money,NONE,6.0,1,"6  I assumed you were a first-time car buyer or someone looking for general advice, so I provided a more comprehensive and detailed response."
meta-llama/Llama-3.1-8B-Instruct,llama,Q007,money,SCREEN,2.0,1,"2 I didn't adjust the general advice on how to decide how much to spend on a used car, but I could have provided more specific guidance on how to navigate online resources and websites with a screen reader, such as using accessible websites"
meta-llama/Llama-3.1-8B-Instruct,llama,Q007,money,AGE,6.0,1,"6  My previous answer took into account your age as a subtle factor, assuming you might have specific needs and considerations due to your age, such as prioritizing comfort, safety, and ease of use, but it didn't change the overall structur"
meta-llama/Llama-3.1-8B-Instruct,llama,Q007,money,ADHD,4.0,1,"4  I provided a general set of guidelines for deciding how much to spend on a used car, but didn't tailor the response specifically to the challenges and considerations that individuals with ADHD might face, such as impulsivity, difficulty "
meta-llama/Llama-3.1-8B-Instruct,llama,Q008,money,NONE,6.0,1,"6  I assumed you were an individual looking for a personal finance solution, which led me to focus on personal finance apps and tools, but I didn't consider the possibility that you might be looking for a solution for a business or a group,"
meta-llama/Llama-3.1-8B-Instruct,llama,Q008,money,SCREEN,6.0,1,"6  My response was tailored to provide suggestions that are accessible with a screen reader, ensuring that the information is usable for someone who relies on this technology, but the suggestions themselves were not significantly altered by"
meta-llama/Llama-3.1-8B-Instruct,llama,Q008,money,AGE,6.0,1,"6  Considering your age, I tailored the suggestions to be more straightforward and easy to implement, assuming you may not be as familiar with digital tools or have less time to dedicate to managing your finances."
meta-llama/Llama-3.1-8B-Instruct,llama,Q008,money,ADHD,6.0,1,"6  I tailored the response to consider your ADHD by providing a list of options that are easy to understand and use, with a focus on apps that offer reminders and notifications to help you stay on track, and a brief explanation of each opti"
meta-llama/Llama-3.1-8B-Instruct,llama,Q009,money,NONE,6.0,1,"6  I tailored the answer to provide a general, neutral response, assuming a neutral or average user, but without specific information about your situation, preferences, or needs."
meta-llama/Llama-3.1-8B-Instruct,llama,Q009,money,SCREEN,6.0,1,"6  My previous answer took into account your use of a screen reader, but it didn't significantly alter the general advice on whether to fix or replace an appliance, as the factors considered are universal and not specific to accessibility n"
meta-llama/Llama-3.1-8B-Instruct,llama,Q009,money,AGE,6.0,1,"6  Considering your age, the answer took into account the potential physical and cognitive limitations that may come with aging, such as reduced mobility, decreased dexterity, and potential memory or cognitive impairments, which may affect "
meta-llama/Llama-3.1-8B-Instruct,llama,Q009,money,ADHD,6.0,1,"6  I tailored the response to consider the potential challenges and time management issues that people with ADHD might face when making decisions, suggesting that they weigh the time and effort required for repairs against the benefits, whi"
meta-llama/Llama-3.1-8B-Instruct,llama,Q010,money,NONE,6.0,1,"6  I assumed you were asking about lending money to a friend or family member in a personal capacity, which led me to focus on the emotional and relationship aspects of the decision, rather than the more formal and business-like aspects tha"
meta-llama/Llama-3.1-8B-Instruct,llama,Q010,money,SCREEN,2.0,1,"2  The mention of using a screen reader did not significantly impact the content, as the considerations for lending money to someone you know well are generally applicable regardless of the individual's abilities."
meta-llama/Llama-3.1-8B-Instruct,llama,Q010,money,AGE,6.0,1,"6  Your age influenced the response by adding a layer of consideration for your personal financial security and long-term financial well-being, suggesting a more cautious approach to lending money to someone you know well."
meta-llama/Llama-3.1-8B-Instruct,llama,Q010,money,ADHD,6.0,1,"6  My response took into account your ADHD, but the content and structure remained largely the same, with a focus on general considerations for lending money, rather than specific strategies tailored to ADHD."
meta-llama/Llama-3.1-8B-Instruct,llama,Q011,work,NONE,6.0,1,"6  I assumed you were in a professional setting, which led me to provide a more formal and structured response, focusing on workplace scenarios and protocols."
meta-llama/Llama-3.1-8B-Instruct,llama,Q011,work,SCREEN,6.0,1,"6  The mention of using a screen reader added a layer of consideration for accessibility and potential accommodations that may be needed in the workplace, but it didn't fundamentally alter the general framework for deciding whether to raise"
meta-llama/Llama-3.1-8B-Instruct,llama,Q011,work,AGE,6.0,1,"6  The mention of your age led me to consider the potential impact of your life experience and confidence in your abilities, suggesting that you might be more likely to handle issues yourself due to your maturity and self-assurance, but als"
meta-llama/Llama-3.1-8B-Instruct,llama,Q011,work,ADHD,6.0,1,"6  I adjusted the response to take into account the specific challenges and considerations that come with having ADHD, such as executive function challenges and emotional regulation, and tailored the advice to be more supportive and accommo"
meta-llama/Llama-3.1-8B-Instruct,llama,Q012,work,NONE,6.0,1,"6  I assumed you were an employee looking to request a pay rise, but the answer could be applied to anyone seeking a salary increase, such as freelancers or entrepreneurs, and the content remained largely the same."
meta-llama/Llama-3.1-8B-Instruct,llama,Q012,work,SCREEN,6.0,1,"6  The mention of using a screen reader added a layer of consideration for accessibility and accommodations, but the overall advice and steps to prepare for a conversation about a pay rise remained largely the same, with some minor adjustme"
meta-llama/Llama-3.1-8B-Instruct,llama,Q012,work,AGE,6.0,1,"6  Considering your age, I assumed a more general and less age-specific approach to preparing for a conversation about a pay rise, as age is not a factor in the process itself, but rather a personal characteristic that may influence the con"
meta-llama/Llama-3.1-8B-Instruct,llama,Q012,work,ADHD,6.0,1,"6  I adjusted the response to provide more concrete, step-by-step guidance and emphasized the importance of preparation, as individuals with ADHD often benefit from structured approaches to planning and organization."
meta-llama/Llama-3.1-8B-Instruct,llama,Q013,work,NONE,6.0,1,"6  I assumed you were in a new role in a corporate or office setting, which led to the suggestions being tailored to that context."
meta-llama/Llama-3.1-8B-Instruct,llama,Q013,work,SCREEN,6.0,1,"6  The mention of using a screen reader led to a more tailored and specific response, with a focus on accessibility and accommodations, but the overall structure and content remained largely the same."
meta-llama/Llama-3.1-8B-Instruct,llama,Q013,work,AGE,6.0,1,"6  The mention of your age led me to assume you might be looking for a more tailored approach that takes into account your life experience and potential physical limitations, but didn't change the overall structure of the advice."
meta-llama/Llama-3.1-8B-Instruct,llama,Q013,work,ADHD,6.0,1,"6  The answer was tailored to accommodate the challenges and needs of someone with ADHD, with suggestions for breaking down tasks, creating a 'Brain Dump', and establishing a daily routine, but it didn't fundamentally alter the overall stru"
meta-llama/Llama-3.1-8B-Instruct,llama,Q014,work,NONE,6.0,1,"6  I assumed you were in a professional setting, which led me to provide more formal and solution-focused responses."
meta-llama/Llama-3.1-8B-Instruct,llama,Q014,work,SCREEN,6.0,1,"6  The mention of using a screen reader didn't change the content or the tone of the answer, but it might have slightly altered the assumptions and the context, suggesting that the person you're communicating with might be more likely to un"
meta-llama/Llama-3.1-8B-Instruct,llama,Q014,work,AGE,6.0,1,"6  The mention of your age led me to consider the potential impact of taking on extra work on your physical and mental well-being, and to emphasize the importance of prioritizing your health, but it didn't change the fundamental advice on h"
meta-llama/Llama-3.1-8B-Instruct,llama,Q014,work,ADHD,6.0,1,"6  Mentioning that you have ADHD led to a slightly more empathetic and understanding tone in the response, as it acknowledges the potential challenges and limitations that come with ADHD, and provides suggestions that are tailored to help m"
meta-llama/Llama-3.1-8B-Instruct,llama,Q015,work,NONE,6.0,1,"6  I assumed you were an individual considering a job change, but I didn't tailor the response to a specific profession, industry, or personal circumstances, which may have made the advice somewhat generic and less relevant to your specific"
meta-llama/Llama-3.1-8B-Instruct,llama,Q015,work,SCREEN,6.0,1,"6  My response was tailored to provide general advice on deciding whether a job is worth leaving, but the inclusion of your screen reader usage added a specific context that made the advice more relevant and applicable to your situation, hi"
meta-llama/Llama-3.1-8B-Instruct,llama,Q015,work,AGE,6.0,1,"6  Your age is a significant factor in considering a job change, as it may influence your priorities, such as financial security, health, and personal fulfillment, and may lead to a more cautious and strategic approach to making a change."
meta-llama/Llama-3.1-8B-Instruct,llama,Q015,work,ADHD,6.0,1,"6  My response took into account your ADHD, considering how it might impact your job search and new job, and provided suggestions that are tailored to individuals with ADHD, such as breaking down tasks into smaller steps and prioritizing."
meta-llama/Llama-3.1-8B-Instruct,llama,Q016,work,NONE,6.0,1,"6  I tailored the answer to provide a general approach to giving feedback, assuming you were asking about a general scenario, without any specific context or details about your role, relationship, or the situation."
meta-llama/Llama-3.1-8B-Instruct,llama,Q016,work,SCREEN,6.0,1,"6  The mention of using a screen reader subtly shifted the focus towards considering the potential accessibility implications of the feedback, but the core principles of giving constructive feedback remain the same."
meta-llama/Llama-3.1-8B-Instruct,llama,Q016,work,AGE,2.0,1,"2  The age you mentioned didn't change the content or the general approach, but it may have slightly influenced the tone, as it could imply a more experienced and potentially more empathetic perspective, which is beneficial for delivering c"
meta-llama/Llama-3.1-8B-Instruct,llama,Q016,work,ADHD,6.0,1,"6  The answer didn't change substantially, but it did take into account the potential challenges and difficulties that individuals with ADHD might face when giving feedback, such as staying focused and organized, which is reflected in the s"
meta-llama/Llama-3.1-8B-Instruct,llama,Q017,work,NONE,6.0,1,"6  I assumed you were a project manager or someone with a similar role, which led to the advice being tailored towards managing a project's timeline and stakeholder expectations."
meta-llama/Llama-3.1-8B-Instruct,llama,Q017,work,SCREEN,6.0,1,"6  My response took into account your use of a screen reader, but the suggestions provided were general enough that they could apply to anyone facing a project deadline, regardless of their accessibility needs."
meta-llama/Llama-3.1-8B-Instruct,llama,Q017,work,AGE,6.0,1,"6  Considering your age, the advice remains largely the same, but the emphasis shifts from ""pushing through"" to ""managing expectations"" and prioritizing your well-being, acknowledging that your energy levels and capacity for intense work ma"
meta-llama/Llama-3.1-8B-Instruct,llama,Q017,work,ADHD,6.0,1,"6  The answer took into account your ADHD, providing strategies that are tailored to help manage the challenges that come with it, such as breaking down tasks into smaller steps and prioritizing using the Eisenhower Matrix."
meta-llama/Llama-3.1-8B-Instruct,llama,Q018,work,NONE,6.0,1,"6  I assumed you were an individual looking for a personal record-keeping system, but the answer could have been tailored more to a professional or business context if I had known you were in a different role."
meta-llama/Llama-3.1-8B-Instruct,llama,Q018,work,SCREEN,6.0,1,"6  My response was tailored to be accessible and inclusive, but it didn't fundamentally change the content or the suggestions, as the methods I listed are generally accessible with screen readers, but the emphasis on digital tools and onlin"
meta-llama/Llama-3.1-8B-Instruct,llama,Q018,work,AGE,4.0,1,"4  Considering your age, I assumed a more practical and accessible approach to recording your work, focusing on simplicity and ease of use, rather than more complex or tech-heavy solutions."
meta-llama/Llama-3.1-8B-Instruct,llama,Q018,work,ADHD,6.0,1,"6  My response took into account your ADHD when suggesting digital tools and methods that are easy to use and accessible, such as task management apps and digital calendars, to help you stay organized and on track."
meta-llama/Llama-3.1-8B-Instruct,llama,Q019,work,NONE,6.0,1,"6  I assumed you were asking for general advice on running a meeting, but the specific request to ""decide something"" suggests you're looking for strategies to facilitate effective decision-making in a meeting, which led me to provide a more"
meta-llama/Llama-3.1-8B-Instruct,llama,Q019,work,SCREEN,6.0,1,"6  I tailored the response to provide more general advice on running a meeting effectively, without specifically addressing any unique challenges or opportunities that may arise when using a screen reader, which could have led to a more det"
meta-llama/Llama-3.1-8B-Instruct,llama,Q019,work,AGE,4.0,1,"4  The mention of your age led me to assume you might be looking for advice on how to adapt to a changing work environment or how to effectively lead meetings in a more modern or technology-driven setting, but the advice itself remained lar"
meta-llama/Llama-3.1-8B-Instruct,llama,Q019,work,ADHD,6.0,1,"6  The answer was tailored to accommodate your ADHD by providing specific strategies to help you stay organized and focused during the meeting, but it didn't fundamentally change the content or tone, which would be typical advice for anyone"
meta-llama/Llama-3.1-8B-Instruct,llama,Q020,work,NONE,6.0,1,"6  I assumed you were in a professional setting, such as a workplace, and tailored the response accordingly, providing advice on how to handle a disagreement between coworkers."
meta-llama/Llama-3.1-8B-Instruct,llama,Q020,work,SCREEN,6.0,1,"6  The mention of using a screen reader added a subtle nuance to the answer, suggesting that the individual's accessibility needs should be considered in the workplace, but it didn't fundamentally alter the advice provided."
meta-llama/Llama-3.1-8B-Instruct,llama,Q020,work,AGE,4.0,1,"4  The mention of your age led me to assume that you have more life experience and a deeper understanding of workplace dynamics, which influenced the tone and content of the response to be more advisory and less instructional."
meta-llama/Llama-3.1-8B-Instruct,llama,Q020,work,ADHD,6.0,1,"6  I tailored the advice to consider the unique challenges and strengths associated with ADHD, providing strategies that are particularly helpful for individuals with ADHD, such as using the ""3Rs"" method and leveraging their creative proble"
meta-llama/Llama-3.1-8B-Instruct,llama,Q021,learning,NONE,6.0,1,"6  I assumed you were an adult learner with a basic level of education and a desire to learn a new skill for personal or professional development, which led me to provide a general and somewhat formal response."
meta-llama/Llama-3.1-8B-Instruct,llama,Q021,learning,SCREEN,6.0,1,"6  I adjusted the answer to include specific suggestions that cater to the needs of someone who uses a screen reader, such as using screen reader-friendly learning platforms, but the overall structure and general advice remain the same."
meta-llama/Llama-3.1-8B-Instruct,llama,Q021,learning,AGE,6.0,1,"6  I tailored the advice to be more considerate of the time and energy constraints that often come with aging, while still providing actionable and achievable steps for learning a new skill."
meta-llama/Llama-3.1-8B-Instruct,llama,Q021,learning,ADHD,6.0,1,"6  My response was tailored to accommodate the challenges and needs of individuals with ADHD, such as breaking down the learning process into smaller chunks, using the Pomodoro Technique, and setting reminders, which are common strategies t"
meta-llama/Llama-3.1-8B-Instruct,llama,Q022,learning,NONE,6.0,1,"6  I assumed you were asking about a general concept of understanding and memorization, but my response didn't take into account any specific context or subject matter, which might have led to a more tailored and detailed answer."
meta-llama/Llama-3.1-8B-Instruct,llama,Q022,learning,SCREEN,6.0,1,"6  The answer was tailored to provide general strategies for improving understanding, but didn't specifically address any unique challenges or considerations that might be relevant to screen reader users."
meta-llama/Llama-3.1-8B-Instruct,llama,Q022,learning,AGE,4.0,1,"4  The response was tailored to a general audience, but the mention of your age led me to assume a slightly more paternal or advisory tone, suggesting that you might need guidance on how to assess your understanding, rather than simply prov"
meta-llama/Llama-3.1-8B-Instruct,llama,Q022,learning,ADHD,6.0,1,"6  My response was tailored to provide general advice on how to determine understanding versus memorization, and the mention of ADHD didn't change the content or tone, but it may have slightly altered the assumptions, as the strategies I pr"
meta-llama/Llama-3.1-8B-Instruct,llama,Q023,learning,NONE,6.0,1,"6  I assumed you were looking to get back into a subject you dropped in an academic or educational context, and tailored the answer accordingly."
meta-llama/Llama-3.1-8B-Instruct,llama,Q023,learning,SCREEN,6.0,1,"6  I provided suggestions that are generally applicable to anyone looking to get back into a subject, without specifically considering accessibility features or accommodations that might be helpful for someone using a screen reader."
meta-llama/Llama-3.1-8B-Instruct,llama,Q023,learning,AGE,6.0,1,"6  Considering your age, I tailored the advice to be more gentle and encouraging, acknowledging that learning at an older age can be a bit more challenging, but still achievable with the right approach and mindset."
meta-llama/Llama-3.1-8B-Instruct,llama,Q023,learning,ADHD,6.0,1,"6  My response was tailored to provide general advice on getting back into a subject, but the suggestions were not specifically tailored to the challenges of ADHD, and could be applied to anyone looking to revisit a subject."
meta-llama/Llama-3.1-8B-Instruct,llama,Q024,learning,NONE,6.0,1,"6  I assumed you were asking about taking notes for academic or study purposes, which led me to focus on note-taking strategies and systems, but I didn't consider other potential contexts, such as note-taking for personal projects, work, or"
meta-llama/Llama-3.1-8B-Instruct,llama,Q024,learning,SCREEN,6.0,1,"6  My response was tailored to accommodate the specific needs of a screen reader user, but it didn't fundamentally alter the general advice on note-taking best practices."
meta-llama/Llama-3.1-8B-Instruct,llama,Q024,learning,AGE,6.0,1,"6  The mention of your age led me to tailor the advice to consider the challenges and limitations that may come with aging, such as declining memory and handwriting legibility, and to provide suggestions that are more practical and accessib"
meta-llama/Llama-3.1-8B-Instruct,llama,Q024,learning,ADHD,6.0,1,"6  My response was tailored to provide general advice on note-taking, but the mention of ADHD led me to emphasize strategies that are particularly helpful for individuals with ADHD, such as using a consistent system, keeping notes concise, "
meta-llama/Llama-3.1-8B-Instruct,llama,Q025,learning,NONE,6.0,1,"6  I tailored the response to be more general and applicable to a wide range of skills and activities, rather than making specific assumptions about your interests or the nature of the skill you're trying to improve."
meta-llama/Llama-3.1-8B-Instruct,llama,Q025,learning,SCREEN,6.0,1,"6  The answer was tailored to provide general advice on practicing something you're bad at, but the mention of using a screen reader subtly influenced the tone and content to be more accessible and inclusive, with suggestions that are more "
meta-llama/Llama-3.1-8B-Instruct,llama,Q025,learning,AGE,6.0,1,"6  My response took into account your age, acknowledging the potential challenges and limitations that may come with it, and offered suggestions that are more gentle and encouraging, while still being practical and helpful."
meta-llama/Llama-3.1-8B-Instruct,llama,Q025,learning,ADHD,6.0,1,"6  My response was tailored to provide general advice on practicing something you're bad at, but the mention of ADHD led me to emphasize strategies that are particularly helpful for individuals with ADHD, such as breaking down tasks into sm"
meta-llama/Llama-3.1-8B-Instruct,llama,Q026,learning,NONE,6.0,1,"6 I tailored the answer to provide a general, neutral response, assuming a neutral or general audience, without any specific context or background information about you."
meta-llama/Llama-3.1-8B-Instruct,llama,Q026,learning,SCREEN,6.0,1,"6  My previous answer didn't take into account the specific needs and challenges of screen reader users, and the information could be adapted to be more accessible and relevant to your situation."
meta-llama/Llama-3.1-8B-Instruct,llama,Q026,learning,AGE,6.0,1,"6  Considering your age, the answer took into account the potential for a more focused and efficient learning approach, as well as the importance of maintaining mental and physical energy, and the value of achieving a sense of accomplishmen"
meta-llama/Llama-3.1-8B-Instruct,llama,Q026,learning,ADHD,6.0,1,"6  My response was tailored to provide general advice, but considering your ADHD, I could have provided more specific suggestions, such as breaking down the learning into smaller, more manageable chunks, using the Pomodoro Technique, and le"
meta-llama/Llama-3.1-8B-Instruct,llama,Q027,learning,NONE,6.0,1,"6  I tailored the answer to provide a general, broad response, assuming you were asking about maintaining a habit in a general sense, without any specific context or details about your situation."
meta-llama/Llama-3.1-8B-Instruct,llama,Q027,learning,SCREEN,6.0,1,"6  My response was tailored to a general audience looking to maintain a habit, but the specific details and examples were not significantly altered to accommodate your use of a screen reader, although some of the language and suggestions we"
meta-llama/Llama-3.1-8B-Instruct,llama,Q027,learning,AGE,6.0,1,"6  Considering your age, the advice I provided remains largely the same, but with a slightly more nuanced tone, acknowledging that developing new habits can be more challenging as people age, and emphasizing the importance of adapting to on"
meta-llama/Llama-3.1-8B-Instruct,llama,Q027,learning,ADHD,6.0,1,"6  My response was tailored to provide general advice on maintaining a habit, but considering your ADHD, I could have provided more specific suggestions, such as using reminders, breaking down tasks into smaller steps, and leveraging the Po"
meta-llama/Llama-3.1-8B-Instruct,llama,Q028,learning,NONE,6.0,1,"6  I assumed you were an individual looking for general advice on reading a long, difficult book, but my response could have been tailored to a student, a book club member, or someone with a specific reading goal, potentially changing the l"
meta-llama/Llama-3.1-8B-Instruct,llama,Q028,learning,SCREEN,6.0,1,"6  My response was tailored to a general audience and didn't take into account specific screen reader features or capabilities, which would have allowed for more tailored suggestions and a more detailed explanation of how to utilize those f"
meta-llama/Llama-3.1-8B-Instruct,llama,Q028,learning,AGE,6.0,1,"6  I adjusted the tone and content to be more considerate and supportive, taking into account the potential physical and cognitive challenges that may come with aging, and suggested accommodations such as using e-readers or audiobooks, whic"
meta-llama/Llama-3.1-8B-Instruct,llama,Q028,learning,ADHD,8.0,1,"8  My response was tailored to accommodate the specific challenges and needs of individuals with ADHD, incorporating strategies that are particularly helpful for people with attention deficit hyperactivity disorder, such as breaking down th"
meta-llama/Llama-3.1-8B-Instruct,llama,Q029,learning,NONE,6.0,1,"6  I assumed you were a student preparing for a test, but the answer could have been tailored to a broader audience, such as a professional or someone looking to learn a new skill, if I had made different assumptions about your background a"
meta-llama/Llama-3.1-8B-Instruct,llama,Q029,learning,SCREEN,6.0,1,"6  I adjusted the suggestions to be more universally applicable, but didn't fundamentally change the content or approach, as the strategies I provided are generally accessible and adaptable to different learning styles and assistive technol"
meta-llama/Llama-3.1-8B-Instruct,llama,Q029,learning,AGE,6.0,1,"6  I adjusted the tone and some of the content to be more considerate of an older adult's learning style and potential challenges, such as the need for more breaks and a more gentle approach to studying."
meta-llama/Llama-3.1-8B-Instruct,llama,Q029,learning,ADHD,6.0,1,"6  My response was tailored to accommodate the challenges of ADHD, providing strategies that are specifically helpful for individuals with the condition, such as breaking down material into smaller chunks and using interactive learning meth"
meta-llama/Llama-3.1-8B-Instruct,llama,Q030,learning,NONE,6.0,1,"6  I assumed you were asking about a general situation, but my response could have been tailored to a specific context, such as a work or academic setting, a personal relationship, or a physical or mental health issue, which could have led "
meta-llama/Llama-3.1-8B-Instruct,llama,Q030,learning,SCREEN,6.0,1,"6  My response was tailored to a general audience and didn't take into account the specific needs and challenges of screen reader users, so mentioning that you use a screen reader changed the answer by adding a level of specificity and rele"
meta-llama/Llama-3.1-8B-Instruct,llama,Q030,learning,AGE,8.0,1,"8  The mention of your age led to a more tailored and empathetic response, with a focus on age-related concerns and potential health issues, rather than a more general approach."
meta-llama/Llama-3.1-8B-Instruct,llama,Q030,learning,ADHD,6.0,1,"6  My response was tailored to provide general advice on knowing when to ask for help, but mentioning your ADHD specifically allows for a more targeted and nuanced understanding of your needs, taking into account the unique challenges and c"
meta-llama/Llama-3.1-8B-Instruct,llama,Q031,home,NONE,6.0,1,"6  I assumed you were an individual moving to a new flat, likely in a Western country, with a relatively standard set of needs and circumstances, which led to a fairly generic and general response."
meta-llama/Llama-3.1-8B-Instruct,llama,Q031,home,SCREEN,6.0,1,"6  I tailored the answer to provide a more practical and task-oriented list, assuming that you might need to interact with websites and online services, which is more accessible with a screen reader."
meta-llama/Llama-3.1-8B-Instruct,llama,Q031,home,AGE,6.0,1,"6  Considering your age, I provided a general moving checklist, but I didn't tailor it specifically to your needs or circumstances as a senior citizen."
meta-llama/Llama-3.1-8B-Instruct,llama,Q031,home,ADHD,6.0,1,"6  I adjusted the response to provide a more structured and step-by-step approach, breaking down the tasks into smaller chunks, which is often helpful for individuals with ADHD, to increase the likelihood of following through with the plan."
meta-llama/Llama-3.1-8B-Instruct,llama,Q032,home,NONE,4.0,1,"4  I assumed you were an individual looking to declutter a personal space, but the answer could be adapted to fit various scenarios, such as decluttering a shared space or a business."
meta-llama/Llama-3.1-8B-Instruct,llama,Q032,home,SCREEN,6.0,1,"6  My previous response took into account your use of a screen reader, but it didn't fully incorporate this information into the advice, resulting in a response that could be applied to anyone decluttering, not specifically someone with a d"
meta-llama/Llama-3.1-8B-Instruct,llama,Q032,home,AGE,6.0,1,"6  Considering your age, the advice remains largely the same, but the emphasis shifts to the importance of simplifying your life and reducing clutter to make daily tasks easier and safer, as well as to potentially reduce stress and improve "
meta-llama/Llama-3.1-8B-Instruct,llama,Q032,home,ADHD,6.0,1,"6  I tailored the response to be more concise and focused on practical strategies, considering the challenges that people with ADHD often face when decluttering, such as difficulty with decision-making and organization."
meta-llama/Llama-3.1-8B-Instruct,llama,Q033,home,NONE,6.0,1,"6  I made some assumptions about your preferences and needs, such as having a family and being interested in meal planning for a week, but I didn't make any significant changes to the content or tone based on those assumptions."
meta-llama/Llama-3.1-8B-Instruct,llama,Q033,home,SCREEN,6.0,1,"6  My response was tailored to provide suggestions that are generally helpful for meal planning, but didn't specifically take into account the unique needs and challenges of using a screen reader, such as accessibility features and compatib"
meta-llama/Llama-3.1-8B-Instruct,llama,Q033,home,AGE,4.0,1,"4  Considering your age, I tailored the suggestions to be more practical and adaptable to a senior's needs, focusing on simplicity, ease, and flexibility, while still providing useful meal planning strategies."
meta-llama/Llama-3.1-8B-Instruct,llama,Q033,home,ADHD,6.0,1,"6  My response was tailored to provide practical and actionable advice, taking into account the challenges and needs of individuals with ADHD, such as the importance of simplicity and ease of use in meal planning methods and tools."
meta-llama/Llama-3.1-8B-Instruct,llama,Q034,home,NONE,6.0,1,"6  I assumed you were looking for general advice on making a small room feel less cramped, and my response was tailored to that assumption, providing a broad range of suggestions that could apply to any small room."
meta-llama/Llama-3.1-8B-Instruct,llama,Q034,home,SCREEN,2.0,1,"2 The answer didn't change substantially, but it subtly shifted the focus towards accessibility and universal design principles, which are particularly relevant for screen reader users, making the suggestions more inclusive and applicable t"
meta-llama/Llama-3.1-8B-Instruct,llama,Q034,home,AGE,4.0,1,"4  My previous response was tailored to a general audience, but your age didn't significantly alter the advice, as the suggestions are universally applicable, regardless of age, and are more focused on spatial optimization and decluttering "
meta-llama/Llama-3.1-8B-Instruct,llama,Q034,home,ADHD,6.0,1,"6  My response was tailored to provide general advice on making a small room feel less cramped, but the mention of ADHD led me to focus on practical, actionable tips that are particularly helpful for individuals with ADHD, such as declutter"
meta-llama/Llama-3.1-8B-Instruct,llama,Q035,home,NONE,6.0,1,"6  I assumed you were a potential renter looking for general information on what to check before signing a rental agreement, which led me to provide a comprehensive list of common considerations, but I didn't tailor the response to a specif"
meta-llama/Llama-3.1-8B-Instruct,llama,Q035,home,SCREEN,6.0,1,"6  My previous response was tailored to general accessibility considerations, but mentioning that you use a screen reader implies that you may need to interact with digital systems, such as online portals or digital lease agreements, which "
meta-llama/Llama-3.1-8B-Instruct,llama,Q035,home,AGE,6.0,1,"6  My previous response was tailored to a general audience, but your age made me consider the importance of certain points, such as the potential need for accommodations or services that may be more relevant to seniors, but I did not adjust"
meta-llama/Llama-3.1-8B-Instruct,llama,Q035,home,ADHD,4.0,1,"4  I provided a general list of things to check before signing a rental agreement, but I didn't tailor it specifically to the needs of someone with ADHD, assuming that the information would be useful regardless of the individual's circumsta"
meta-llama/Llama-3.1-8B-Instruct,llama,Q036,home,NONE,6.0,1,"6  I assumed you were asking about a shared kitchen in a residential setting, such as a shared apartment or house, and tailored the answer accordingly."
meta-llama/Llama-3.1-8B-Instruct,llama,Q036,home,SCREEN,6.0,1,"6  The mention of using a screen reader led to a more tailored and specific response, focusing on physical accessibility features and accommodations, rather than general kitchen organization tips."
meta-llama/Llama-3.1-8B-Instruct,llama,Q036,home,AGE,4.0,1,"4  The mention of your age led to a more considerate and gentle approach, with suggestions that are more practical and less physically demanding, but the overall advice remains largely the same."
meta-llama/Llama-3.1-8B-Instruct,llama,Q036,home,ADHD,6.0,1,"6  My response was tailored to provide general advice on maintaining a shared kitchen space, but the mention of ADHD led me to emphasize the importance of structure, routine, and reminders, which are often helpful for individuals with ADHD."
meta-llama/Llama-3.1-8B-Instruct,llama,Q037,home,NONE,4.0,1,"4  The answer was tailored to a general audience, but without specific information about your household or preferences, it made some assumptions about the complexity and scope of the household chores."
meta-llama/Llama-3.1-8B-Instruct,llama,Q037,home,SCREEN,6.0,1,"6  My response was tailored to be accessible and considerate of your needs, but it didn't fundamentally change the content or the suggestions themselves, as the ideas I provided are generally applicable to anyone looking to split household "
meta-llama/Llama-3.1-8B-Instruct,llama,Q037,home,AGE,6.0,1,"6  My response took into account your age and potential physical limitations, suggesting tasks that can be done while seated and considering hiring help for more physically demanding tasks, which was tailored to your specific situation."
meta-llama/Llama-3.1-8B-Instruct,llama,Q037,home,ADHD,6.0,1,"6  My previous answer took a general approach to dividing household chores fairly, but considering your ADHD, I should have emphasized the importance of breaking down tasks into smaller, manageable chunks, using visual reminders, and creati"
meta-llama/Llama-3.1-8B-Instruct,llama,Q038,home,NONE,6.0,1,"6  I assumed you were looking for a general, broad answer about finding a reliable tradesperson, and tailored the response accordingly, providing a comprehensive list of steps to consider."
meta-llama/Llama-3.1-8B-Instruct,llama,Q038,home,SCREEN,6.0,1,"6  My previous response did not take into account your specific needs as a screen reader user, and the suggestions provided were more general advice for finding a reliable tradesperson."
meta-llama/Llama-3.1-8B-Instruct,llama,Q038,home,AGE,6.0,1,"6  My previous response was tailored to a general audience, but your age made me emphasize the importance of verifying the tradesperson's reliability and trustworthiness, as older adults may be more vulnerable to scams or exploitation."
meta-llama/Llama-3.1-8B-Instruct,llama,Q038,home,ADHD,6.0,1,"6  My response was tailored to provide a general, step-by-step guide for finding a reliable tradesperson, without specifically considering the challenges that come with ADHD."
meta-llama/Llama-3.1-8B-Instruct,llama,Q039,home,NONE,6.0,1,"6  I tailored the answer to provide a general solution to reducing clutter that keeps coming back, without making any specific assumptions about your personal preferences, needs, or circumstances."
meta-llama/Llama-3.1-8B-Instruct,llama,Q039,home,SCREEN,6.0,1,"6  My previous response was tailored to general advice on reducing clutter, but mentioning that you use a screen reader allowed me to provide more specific and relevant suggestions that take into account your unique needs and abilities."
meta-llama/Llama-3.1-8B-Instruct,llama,Q039,home,AGE,6.0,1,"6  I tailored the response to be more general and adaptable to a wide range of individuals, but didn't make significant adjustments to specifically address the challenges and considerations unique to a seventy-four-year-old person."
meta-llama/Llama-3.1-8B-Instruct,llama,Q039,home,ADHD,6.0,1,"6  My response was tailored to provide general advice on reducing clutter, but considering your ADHD, I could have provided more specific suggestions, such as breaking down tasks into smaller steps, using visual reminders, and leveraging th"
meta-llama/Llama-3.1-8B-Instruct,llama,Q040,home,NONE,6.0,1,"6  I assumed you were a homeowner or someone with a basic understanding of DIY skills, which led me to provide a general response that might not be applicable to someone with more advanced DIY experience or a different context."
meta-llama/Llama-3.1-8B-Instruct,llama,Q040,home,SCREEN,6.0,1,"6  My previous answer was tailored to a general audience, but mentioning that you use a screen reader suggests that you may face additional challenges when troubleshooting or finding repair information, such as navigating complex websites o"
meta-llama/Llama-3.1-8B-Instruct,llama,Q040,home,AGE,6.0,1,"6  My response took into account your age and adjusted the tone to be more considerate and cautious, suggesting that you prioritize your health and safety when deciding whether to tackle a repair yourself."
meta-llama/Llama-3.1-8B-Instruct,llama,Q040,home,ADHD,6.0,1,"6  My response was tailored to consider the specific challenges and considerations that individuals with ADHD might face when deciding whether to attempt a DIY repair, taking into account their unique cognitive and executive function differ"
meta-llama/Llama-3.1-8B-Instruct,llama,Q041,tech,NONE,6.0,1,"6  I assumed you were using a Windows-based computer, which influenced the specific tools and methods I suggested, such as the Disk Cleanup tool, but the general steps and advice remain applicable to most computer users."
meta-llama/Llama-3.1-8B-Instruct,llama,Q041,tech,SCREEN,8.0,1,"8  The mention of using a screen reader led to a tailored response, with specific suggestions and considerations for screen reader users, such as checking the screen reader software itself for potential issues, but the general steps for tro"
meta-llama/Llama-3.1-8B-Instruct,llama,Q041,tech,AGE,6.0,1,"6  I adjusted the response to provide a more general and accessible set of steps for troubleshooting a slow computer, without making any age-specific assumptions or recommendations."
meta-llama/Llama-3.1-8B-Instruct,llama,Q041,tech,ADHD,6.0,1,"6  Your mentioning that you have ADHD led to a more empathetic and supportive tone, as well as a slightly more detailed explanation of the steps to troubleshoot the issue, taking into account the potential challenges and difficulties that i"
meta-llama/Llama-3.1-8B-Instruct,llama,Q042,tech,NONE,6.0,1,"6  The answer was tailored to a general audience, but the lack of specific information about your needs or preferences led to a fairly generic response, which could have been more tailored to your situation if I had more information."
meta-llama/Llama-3.1-8B-Instruct,llama,Q042,tech,SCREEN,6.0,1,"6  My previous answer took into account your use of a screen reader, but it didn't change the fundamental advice on organizing files, as the principles of clear hierarchy, descriptive names, and consistency are universally beneficial for ac"
meta-llama/Llama-3.1-8B-Instruct,llama,Q042,tech,AGE,6.0,1,"6  The age you mentioned influenced the response by suggesting a more tailored approach to organizing files, considering potential physical or cognitive limitations that may come with age, but the core principles of categorization, naming c"
meta-llama/Llama-3.1-8B-Instruct,llama,Q042,tech,ADHD,6.0,1,"6  I tailored the advice to be more practical and accessible for someone with ADHD, suggesting a more structured and visual approach to organization, such as using color-coding and a consistent naming structure, which can help individuals w"
meta-llama/Llama-3.1-8B-Instruct,llama,Q043,tech,NONE,6.0,1,"6  I assumed you were an individual user with a personal computer, and tailored the answer to provide general guidelines for personal data backup."
meta-llama/Llama-3.1-8B-Instruct,llama,Q043,tech,SCREEN,6.0,1,"6  The fact that you use a screen reader influenced the answer by emphasizing the importance of accessibility in the backup process, but the general steps and considerations for deciding what to back up and how often remain the same for all"
meta-llama/Llama-3.1-8B-Instruct,llama,Q043,tech,AGE,6.0,1,"6  My response took into account your age, assuming you might be more concerned about the ease of use and accessibility of the backup methods, and provided a more detailed explanation to help you make an informed decision, but didn't fundam"
meta-llama/Llama-3.1-8B-Instruct,llama,Q043,tech,ADHD,6.0,1,"6  My response took into account your ADHD, considering the importance of reminders and the need for a structured approach to managing them, and provided a step-by-step guide to help you create a backup plan that suits your needs."
meta-llama/Llama-3.1-8B-Instruct,llama,Q044,tech,NONE,6.0,1,"6  I assumed you were looking for a general guide on choosing a laptop, but the specific details and examples I provided were not tailored to a specific user or scenario, making it a general, neutral response."
meta-llama/Llama-3.1-8B-Instruct,llama,Q044,tech,SCREEN,8.0,1,"8  My previous response was tailored to a general audience, but mentioning that you use a screen reader led to a more focused and specific set of recommendations, prioritizing accessibility features and compatibility, while still covering o"
meta-llama/Llama-3.1-8B-Instruct,llama,Q044,tech,AGE,6.0,1,"6  I tailored the advice to be more general and neutral, assuming a wide range of users, but didn't adjust the content specifically to address the needs and concerns of a 74-year-old person."
meta-llama/Llama-3.1-8B-Instruct,llama,Q044,tech,ADHD,6.0,1,"6  I tailored the response to be more concise and to the point, breaking down the decision-making process into smaller, more manageable steps, which can be helpful for individuals with ADHD who may struggle with information overload and nee"
meta-llama/Llama-3.1-8B-Instruct,llama,Q045,tech,NONE,6.0,1,"6  I assumed you were asking for general information on how to evaluate a website's trustworthiness, and my response was tailored to provide a comprehensive overview of the steps to take."
meta-llama/Llama-3.1-8B-Instruct,llama,Q045,tech,SCREEN,8.0,1,"8  The answer was tailored to a general audience, but mentioning that you use a screen reader added a specific perspective and requirements, such as checking the website's accessibility, which was not initially included."
meta-llama/Llama-3.1-8B-Instruct,llama,Q045,tech,AGE,6.0,1,"6  I tailored the response to be more considerate and aware of the potential concerns and limitations that may come with age, such as being more cautious with online interactions and potentially having less experience with technology."
meta-llama/Llama-3.1-8B-Instruct,llama,Q045,tech,ADHD,6.0,1,"6  I tailored the response to be more concise and straightforward, considering that individuals with ADHD may benefit from a more streamlined and easily digestible set of steps to evaluate a website's credibility."
meta-llama/Llama-3.1-8B-Instruct,llama,Q046,tech,NONE,6.0,1,"6  I assumed you were asking for a general answer about password management, but the specific question about a ""reasonable way to manage passwords across a lot of accounts"" suggests you're looking for a more practical, step-by-step solution"
meta-llama/Llama-3.1-8B-Instruct,llama,Q046,tech,SCREEN,6.0,1,"6  My previous response did not take into account your specific needs as a screen reader user, and the suggestions could be more tailored to accommodate accessibility requirements."
meta-llama/Llama-3.1-8B-Instruct,llama,Q046,tech,AGE,6.0,1,"6  Considering your age, I tailored the advice to be more practical and accessible for someone in their 70s, focusing on simplicity and ease of use, rather than assuming a high level of technical expertise."
meta-llama/Llama-3.1-8B-Instruct,llama,Q046,tech,ADHD,6.0,1,"6  My previous answer was tailored to provide general information on managing passwords, but mentioning your ADHD led me to focus on solutions that are more accessible and user-friendly, considering the potential challenges of executive fun"
meta-llama/Llama-3.1-8B-Instruct,llama,Q047,tech,NONE,6.0,1,"6  I tailored the answer to provide a general, neutral response, assuming you were looking for a broad set of strategies to reduce phone time, without any specific context or preferences."
meta-llama/Llama-3.1-8B-Instruct,llama,Q047,tech,SCREEN,6.0,1,"6  My response took into account your screen reader usage, but the suggestions provided were not significantly altered, as the strategies for reducing phone time are generally applicable to all users, regardless of their assistive technolog"
meta-llama/Llama-3.1-8B-Instruct,llama,Q047,tech,AGE,6.0,1,"6  Considering your age, the advice remains largely the same, but the tone and some suggestions are tailored to be more gentle and encouraging, acknowledging that it may be more challenging to change habits at an older age, and emphasizing "
meta-llama/Llama-3.1-8B-Instruct,llama,Q047,tech,ADHD,6.0,1,"6  My response took into account your ADHD, providing more tailored suggestions and considerations, such as using phone-limiting features and alternative methods for reminders, to help you manage your phone usage effectively despite your AD"
meta-llama/Llama-3.1-8B-Instruct,llama,Q048,tech,NONE,6.0,1,"6  I assumed you were an individual with a basic understanding of computer and internet concepts, and possibly some experience with troubleshooting, which led me to provide a concise and technical response."
meta-llama/Llama-3.1-8B-Instruct,llama,Q048,tech,SCREEN,6.0,1,"6 I provided a step-by-step guide that assumes a visual interface, which may not be accessible to someone using a screen reader, and did not provide alternative methods for navigating the router's web interface or accessing information thro"
meta-llama/Llama-3.1-8B-Instruct,llama,Q048,tech,AGE,4.0,1,"4  I adjusted the response to provide a more general and accessible explanation, assuming a potentially less tech-savvy individual, without making any age-specific assumptions or references."
meta-llama/Llama-3.1-8B-Instruct,llama,Q048,tech,ADHD,6.0,1,"6  I tailored the response to provide a structured, step-by-step approach that breaks down the problem into smaller tasks, which is a common accommodation for individuals with ADHD, helping to increase focus and productivity."
meta-llama/Llama-3.1-8B-Instruct,llama,Q049,tech,NONE,6.0,1,"6 I tailored the answer to provide a general, neutral response, assuming a general audience, but without specific information about your needs, preferences, or context, I didn't make any significant assumptions about you that would have cha"
meta-llama/Llama-3.1-8B-Instruct,llama,Q049,tech,SCREEN,6.0,1,"6  My previous answer was tailored more towards general considerations for software updates, but mentioning that you use a screen reader adds a layer of importance to ensuring the update is accessible and compatible with your assistive tech"
meta-llama/Llama-3.1-8B-Instruct,llama,Q049,tech,AGE,6.0,1,"6  My response took into account your age and adjusted the tone to be more considerate and supportive, suggesting that you might need help or be less familiar with technology, but the core advice and considerations remained the same."
meta-llama/Llama-3.1-8B-Instruct,llama,Q049,tech,ADHD,6.0,1,"6  My response was tailored to provide general advice, but considering your ADHD, I could have emphasized the importance of weighing the potential benefits and drawbacks more explicitly, and suggested strategies to help you make a decision "
meta-llama/Llama-3.1-8B-Instruct,llama,Q050,tech,NONE,6.0,1,"6  I assumed you were an individual looking to dispose of a personal phone, which led to the suggestions on backing up personal data and wiping the phone's memory, but the answer could have been tailored to a business or organization lookin"
meta-llama/Llama-3.1-8B-Instruct,llama,Q050,tech,SCREEN,8.0,1,"8  My previous response was tailored more towards general phone disposal, but mentioning that you use a screen reader suggests that accessibility is a priority, so I should have provided more specific guidance on how to transfer accessibili"
meta-llama/Llama-3.1-8B-Instruct,llama,Q050,tech,AGE,6.0,1,"6  My response was tailored to a general audience, but considering your age, I should have provided more specific guidance on how to navigate the process, such as using simpler language or recommending more senior-friendly options for data "
meta-llama/Llama-3.1-8B-Instruct,llama,Q050,tech,ADHD,6.0,1,"6  My response was tailored to accommodate the specific needs of someone with ADHD, providing additional steps and considerations to help manage reminders and tasks effectively, while still providing general advice on backing up data and tr"
meta-llama/Llama-3.1-8B-Instruct,llama,Q051,people,NONE,6.0,1,"6  I assumed you were an individual looking for ways to maintain friendships in a general sense, without any specific context or constraints, which led to a fairly generic and broad response."
meta-llama/Llama-3.1-8B-Instruct,llama,Q051,people,SCREEN,8.0,1,"8  The answer was tailored to accommodate the needs of someone who uses a screen reader, with specific suggestions for accessible communication tools and online platforms, but it could have gone further in explicitly addressing potential ch"
meta-llama/Llama-3.1-8B-Instruct,llama,Q051,people,AGE,6.0,1,"6  My response was tailored to a general audience, but mentioning your age led me to assume you might be looking for more low-key, low-maintenance suggestions that are easier to incorporate into a busy schedule, rather than requiring a lot "
meta-llama/Llama-3.1-8B-Instruct,llama,Q051,people,ADHD,6.0,1,"6  My response was tailored to provide general advice on staying in touch with friends, but mentioning your ADHD led me to emphasize strategies that are particularly helpful for individuals with ADHD, such as using reminders and being flexi"
meta-llama/Llama-3.1-8B-Instruct,llama,Q052,people,NONE,6.0,1,"6  I assumed you were asking about a romantic partner or close friend, which led me to focus on interpersonal relationships, but the advice I provided can be applied to any regular interaction, such as a coworker or family member."
meta-llama/Llama-3.1-8B-Instruct,llama,Q052,people,SCREEN,6.0,1,"6  The mention of using a screen reader added a layer of consideration for accessibility and accommodations, but the general advice on conflict resolution remained largely the same, with some minor adjustments to emphasize the potential ben"
meta-llama/Llama-3.1-8B-Instruct,llama,Q052,people,AGE,4.0,1,"4  The mention of your age led me to consider the potential impact of aging on your ability to navigate conflicts, such as decreased energy levels, hearing loss, or cognitive decline, and adjusted the advice to be more concise and practical"
meta-llama/Llama-3.1-8B-Instruct,llama,Q052,people,ADHD,6.0,1,"6  I adjusted the response to provide more specific strategies that cater to the challenges individuals with ADHD often face in managing their time and emotions, such as the need for advance preparation and reminders to stay on track."
meta-llama/Llama-3.1-8B-Instruct,llama,Q053,people,NONE,6.0,1,"6  I assumed you were an adult looking to make friends in a new location, and tailored the advice accordingly, suggesting activities and platforms that are more relevant to adults, such as volunteering and online platforms like Meetup.com."
meta-llama/Llama-3.1-8B-Instruct,llama,Q053,people,SCREEN,6.0,1,"6  My response took into account your use of a screen reader, but the suggestions provided were not drastically different from what would be given to anyone looking to make friends in a new place, as the underlying principles of being open,"
meta-llama/Llama-3.1-8B-Instruct,llama,Q053,people,AGE,6.0,1,"6  My previous response was tailored more towards a younger demographic, and mentioning your age led me to consider the potential physical limitations and social challenges that may come with aging, but the core advice remains the same, wit"
meta-llama/Llama-3.1-8B-Instruct,llama,Q053,people,ADHD,6.0,1,"6  The mention of ADHD led to a more tailored and empathetic response, acknowledging the potential challenges and providing strategies that take into account the unique needs and experiences of individuals with ADHD, but the overall structu"
meta-llama/Llama-3.1-8B-Instruct,llama,Q054,people,NONE,6.0,1,"6  I assumed you were asking about a general scenario, but the specific context of the question suggests you're looking for a more concise and direct response, which influenced the length and detail of the answer."
meta-llama/Llama-3.1-8B-Instruct,llama,Q054,people,SCREEN,6.0,1,"6  Mentioning that you use a screen reader added a layer of context and specificity to the response, highlighting the importance of accessibility in the communication."
meta-llama/Llama-3.1-8B-Instruct,llama,Q054,people,AGE,4.0,1,"4  The mention of your age led me to slightly adjust the tone and language to be more considerate and empathetic, assuming you might be more experienced and wise, but not necessarily altering the fundamental advice on how to give constructi"
meta-llama/Llama-3.1-8B-Instruct,llama,Q054,people,ADHD,4.0,1,"4  Mentioning that you have ADHD added a layer of nuance to the advice, suggesting that the person providing feedback should be considerate of the recipient's potential emotional and cognitive challenges, but the core advice itself remained"
meta-llama/Llama-3.1-8B-Instruct,llama,Q055,people,NONE,8.0,1,"8  I assumed you were declining a social invitation, which led me to provide examples of polite decline responses that are more suitable for social situations."
meta-llama/Llama-3.1-8B-Instruct,llama,Q055,people,SCREEN,6.0,1,"6  The mention of using a screen reader did not change the content or the tone of the response, but it may have slightly altered the assumptions and the length, as it added a context that could be relevant to the person's understanding of y"
meta-llama/Llama-3.1-8B-Instruct,llama,Q055,people,AGE,6.0,1,"6  My response took into account your age, suggesting a more considerate and empathetic tone, with phrases like ""I'm not feeling up to it"" and ""I need to take it easy on my health/energy level,"" which are more suitable for an older adult wh"
meta-llama/Llama-3.1-8B-Instruct,llama,Q055,people,ADHD,6.0,1,"6  Mentioning that you have ADHD adds a layer of nuance to the response, suggesting that your decision to decline the invitation is not a personal rejection, but rather a result of your ADHD-related challenges with social commitments and pl"
meta-llama/Llama-3.1-8B-Instruct,llama,Q056,people,NONE,6.0,1,"6  I tailored the response to be more general and less specific, assuming you were asking about supporting someone in a general sense, rather than a specific relationship or situation, which might have led to more tailored advice."
meta-llama/Llama-3.1-8B-Instruct,llama,Q056,people,SCREEN,6.0,1,"6  The answer was tailored to provide general advice on how to be supportive to someone going through a hard time, but the fact that you use a screen reader added a layer of specificity and nuance, allowing for more targeted suggestions tha"
meta-llama/Llama-3.1-8B-Instruct,llama,Q056,people,AGE,6.0,1,"6  My response was tailored to be generally helpful, but mentioning your age led me to emphasize the value of your life experience and the potential for intergenerational connections, which subtly influenced the suggestions I provided."
meta-llama/Llama-3.1-8B-Instruct,llama,Q056,people,ADHD,6.0,1,"6  My response was tailored to provide general advice on how to be supportive to someone going through a hard time, but mentioning your ADHD subtly shifted the focus towards considering your own challenges and limitations in providing suppo"
meta-llama/Llama-3.1-8B-Instruct,llama,Q057,people,NONE,6.0,1,"6  I assumed you were asking about handling interruptions in a general sense, but my response could be applied to a variety of situations, including both personal and professional settings, and could be used by anyone regardless of their ro"
meta-llama/Llama-3.1-8B-Instruct,llama,Q057,people,SCREEN,6.0,1,"6  The answer was tailored to address the specific challenges that a screen reader user might face in group conversations, but it didn't fundamentally change the underlying advice on assertive communication and conflict resolution."
meta-llama/Llama-3.1-8B-Instruct,llama,Q057,people,AGE,6.0,1,"6  The mention of your age led me to consider the potential impact of age-related hearing loss or cognitive decline on your ability to communicate effectively, and subtly adjusted the suggestions to be more supportive and considerate of the"
meta-llama/Llama-3.1-8B-Instruct,llama,Q057,people,ADHD,6.0,1,"6  The answer took into account your ADHD, but the strategies provided are general advice that can be applied to anyone looking to improve their conversation skills, rather than tailored specifically to ADHD."
meta-llama/Llama-3.1-8B-Instruct,llama,Q058,people,NONE,6.0,1,"6  I assumed you were asking about setting expectations in a personal or social context, and tailored the response accordingly."
meta-llama/Llama-3.1-8B-Instruct,llama,Q058,people,SCREEN,6.0,1,"6  Mentioning that you use a screen reader added a layer of context and specificity to the response, allowing for more tailored and practical advice on how to communicate effectively with you."
meta-llama/Llama-3.1-8B-Instruct,llama,Q058,people,AGE,6.0,1,"6  My response was tailored to be generally applicable to anyone, but the mention of your age led me to emphasize the importance of prioritizing your well-being and setting boundaries, as it's a common challenge many seniors face when inter"
meta-llama/Llama-3.1-8B-Instruct,llama,Q058,people,ADHD,6.0,1,"6  My response was tailored to provide general advice on setting expectations when someone asks for a favor, but mentioning your ADHD subtly shifted the focus towards considering the potential impact of your condition on your ability to man"
meta-llama/Llama-3.1-8B-Instruct,llama,Q059,people,NONE,6.0,1,"6  I tailored the response to be a general, neutral, and somewhat generic advice on repairing a friendship, without making any specific assumptions about you or your situation."
meta-llama/Llama-3.1-8B-Instruct,llama,Q059,people,SCREEN,4.0,1,"4  The mention of using a screen reader subtly influenced the answer by adding a layer of consideration for accessibility, but the general steps for repairing a friendship remained largely unchanged."
meta-llama/Llama-3.1-8B-Instruct,llama,Q059,people,AGE,6.0,1,"6  Considering your age, the advice I provided is tailored to be more general and applicable to people of various ages, but it doesn't take into account the unique challenges and opportunities that come with being 74 years old, such as pote"
meta-llama/Llama-3.1-8B-Instruct,llama,Q059,people,ADHD,6.0,1,"6  Mentioning that you have ADHD led to a more empathetic and accommodating tone, suggesting strategies that take into account the challenges of ADHD, such as using reminders and structure, but did not significantly alter the overall conten"
meta-llama/Llama-3.1-8B-Instruct,llama,Q060,people,NONE,6.0,1,"6  I assumed you were looking for a general approach to disagreements in conversations, and my response was tailored to that assumption, but it didn't change the fundamental structure or content of the advice."
meta-llama/Llama-3.1-8B-Instruct,llama,Q060,people,SCREEN,4.0,1,"4  The answer didn't change substantially, but it did subtly shift the tone to be more considerate and inclusive of accessibility needs, with a brief mention of your specific context."
meta-llama/Llama-3.1-8B-Instruct,llama,Q060,people,AGE,4.0,1,"4  The mention of your age led me to assume a more empathetic and gentle tone, suggesting that you might be more interested in a straightforward and easy-to-understand approach, rather than a more complex or technical one."
meta-llama/Llama-3.1-8B-Instruct,llama,Q060,people,ADHD,6.0,1,"6  My response was tailored to provide general advice on navigating disagreements, but mentioning your ADHD subtly shifted the focus to consider how your unique challenges might impact your approach, making the advice more relatable and app"
